0,WBAI
1,WUBA
2,AAN
3,ANF
4,ACN
5,ATV
6,ATU
7,ADX
8,AGRO
9,AAP
10,AVK
11,AGC
12,LCM
13,AEB
14,AED
15,AEH
16,AEK
17,MGR
18,AFSD
19,GRO
20,AL
21,AGI
22,AIN
23,AKP
24,AFB
25,AWF
26,AB
27,NCV
28,NCZ
29,NIE
30,NFJ
31,ALJ
32,ALDW
33,AWP
34,ABEV
35,AMC
36,AMRC
37,AMX
38,AFA
39,AFW
40,AMH
41,AMID
42,APU
43,APH
44,BUD
45,APO
46,AIB
47,AIY
48,ABRN
49,ARCX
50,MT
51,ARCO
52,AFC
53,ARU
54,ARDC
55,ARES
56,AI
57,AIW
58,APAM
59,ASA
60,APB
61,AT
62,ATHM
63,ACP
64,AVH
65,AV
66,AVV
67,BGS
68,BGH
69,BBN
70,BBDO
71,BCH
72,BSBR
73,BNS
74,BCS
75,BTE
76,BXE
77,BGCA
78,BIO
79,BITA
80,BJZ
81,BFZ
82,BHK
83,BTZ
84,BHL
85,BGR
86,BDJ
87,BFO
88,BGT
89,BOE
90,BME
91,BAF
92,BKT
93,BGY
94,BKN
95,BTA
96,BIT
97,BPK
98,BKK
99,BBK
100,BBF
101,BYM
102,BFK
103,BTT
104,BNJ
105,BNY
106,BLH
107,BQH
108,BSE
109,BCX
110,BUI
111,BGB
112,BSL
113,BCRH
114,BWP
115,SAM
116,BPT
117,BRC
118,LND
119,BAK
120,BRFS
121,BPI
122,BOXC
123,INF
124,BIP
125,BPY
126,BPL
127,BG
128,GYB
129,PFH
130,CAB
131,CACI
132,CPB
133,CLA
134,CUK
135,CSLT
136,CTT
137,CATO
138,CBG
139,CBS
140,FUN
141,CE
142,CPAC
143,CX
144,CNCO
145,CEN
146,CLDT
147,CMCM
148,CHKR
149,CHSP
150,CHA
151,XNY
152,ZX
153,CINR
154,BLW
155,CIA
156,CVEO
157,CCO
158,CNHI
159,INB
160,RQI
161,RNP
162,CXE
163,CIF
164,CXH
165,CMU
166,CCV
167,CCZ
168,CIG
169,SBS
170,CCM
171,STZ
172,VLRS
173,CPS
174,CPA
175,CORR
176,GYC
177,CZZ
178,COTY
179,CPG
180,CEQP
181,CRT
182,CAPL
183,CUBE
184,SRF
185,SZC
186,CUBS
187,CSI
188,UAN
189,CVRR
190,CELP
191,DQ
192,DPM
193,DEX
194,DKL
195,DAL
196,DKT
197,DB
198,DTK
199,DXB
200,DBD
201,DDS
202,DDT
203,DCUC
204,DSL
205,DBL
206,DRD
207,DTQ
208,DTZ
209,DUKH
210,DLNG
211,SSP
212,KODK
213,ETN
214,ETV
215,ETW
216,EV
217,EOI
218,EOS
219,EFT
220,EFF
221,EOT
222,ETJ
223,EFR
224,EVG
225,EVT
226,EXD
227,ETG
228,ETB
229,ETY
230,EXG
231,ECT
232,DANG
233,EGO
234,EFC
235,EARN
236,EMES
237,ESRT
238,EDN
239,ENBL
240,EEQ
241,EEP
242,ECA
243,EXK
244,NDRO
245,ETE
246,ETP
247,ENLK
248,ENLC
249,ESV
250,ETM
251,EAB
252,EAE
253,ELJ
254,ELU
255,EFM
256,EMZ
257,ENJ
258,EPD
259,EVC
260,ENV
261,EPE
262,EQM
263,EQCO
264,EROS
265,ESNT
266,EL
267,EVR
268,ES
269,EVGN
270,XCO
271,EXCU
272,STAY
273,FFG
274,FCB
275,AGM
276,FII
277,FPT
278,FMN
279,FGP
280,FCAU
281,FMO
282,FSCE
283,FHN
284,AG
285,FFA
286,FMY
287,FAV
288,FIF
289,FSD
290,FPF
291,FPL
292,FHY
293,FEO
294,FAM
295,FFC
296,FELP
297,FIG
298,FNV
299,FF
300,FXCM
301,GDV
302,GGZ
303,GFA
304,GNT
305,GLOG
306,GLOP
307,GEH
308,GEK
309,GEB
310,GGP
311,GWR
312,GEL
313,GNE
314,GNW
315,GEO
316,GPRK
317,GLP
318,GSL
319,GLOB
320,GMED
321,GNC
322,GOL
323,GSJ
324,TFG
325,GMZ
326,GHC
327,GPT
328,GRAM
329,GDOT
330,GEF
331,BSMX
332,TV
333,GGM
334,GPM
335,GEQ
336,GOF
337,GBAB
338,HMY
339,HGH
340,HCJ
341,HTA
342,HRI
343,HTGC
344,HTGX
345,HTGY
346,HTGZ
347,HT
348,HF
349,HCLP
350,HMLP
351,HEP
352,HMC
353,HTF
354,HOV
355,HSEA
356,HSEB
357,HBM
358,HGT
359,H
360,HY
361,IDT
362,INFY
363,INZ
364,ISF
365,ISG
366,ISP
367,IM
368,I
369,IHG
370,IOC
371,INXN
372,IL
373,VTA
374,ITCB
375,ITUB
376,IVH
377,JKS
378,JMPB
379,JMPC
380,HEQ
381,HPF
382,HPI
383,HPS
384,HTD
385,HTY
386,JONE
387,JMEI
388,JE
389,KAP
390,KCG
391,KMT
392,KWN
393,KMI
394,KKR
395,KFH
396,KFI
397,KIO
398,KNOP
399,PHG
400,KF
401,KOS
402,LADR
403,LAZ
404,CVB
405,JBK
406,KCC
407,KTH
408,KTN
409,KTP
410,XKE
411,LEJU
412,LEN
413,LXK
414,ASG
415,LITB
416,LNKD
417,LAD
418,LXFR
419,LXFT
420,WLH
421,LYB
422,BMA
423,MSP
424,MX
425,MHLA
426,MHNB
427,MHNC
428,MSCA
429,MMD
430,MANU
431,MN
432,MPC
433,MHG
434,DOOR
435,MATX
436,MXL
437,MNI
438,MKC
439,MTL
440,MCQ
441,MCV
442,MDT
443,PIY
444,MTR
445,MSB
446,MFO
447,MFCB
448,MEP
449,MIXT
450,MFG
451,MC
452,TAP
453,MNR
454,APF
455,EDD
456,MPLX
457,HJV
458,MSM
459,MSCI
460,MSGN
461,MVO
462,MVCB
463,NVGS
464,NMM
465,NSR
466,EDU
467,NYT
468,NEP
469,NGL
470,NLSN
471,NOAH
472,NE
473,NOA
474,NADL
475,NRT
476,NSAM
477,DNOW
478,NQ
479,NRG
480,NUS
481,NS
482,NSH
483,NSS
484,JMLP
485,NEA
486,NUW
487,NBB
488,NBD
489,NKX
490,JCE
491,JQC
492,JDD
493,NVG
494,JMF
495,NZF
496,NEV
497,JPW
498,NKG
499,JGV
500,NID
501,JLS
502,NRK
503,JPI
504,JPC
505,JRI
506,BXMX
507,SPXX
508,JSD
509,JTD
510,JTA
511,NIQ
512,JMT
513,OAK
514,OZM
515,OCIP
516,OB
517,OKS
518,OPY
519,OEC
520,ROYT
521,PACD
522,PHX
523,PE
524,PBF
525,PBFX
526,PEB
527,PBA
528,PGH
529,PWE
530,PNTA
531,PFSI
532,PMT
533,PNR
534,PSG
535,PBT
536,PSXP
537,DOC
538,PDM
539,PCK
540,PZC
541,PTY
542,PCI
543,PGP
544,PHK
545,PKO
546,PFN
547,PML
548,PMX
549,PNI
550,PYN
551,PHD
552,PHT
553,MAV
554,MHI
555,PAA
556,PAGP
557,POR
558,PPX
559,PYS
560,PYT
561,APTS
562,PJS
563,PVG
564,PGZ
565,PVTD
566,PFK
567,PJH
568,PRH
569,PZN
570,QTS
571,QUAD
572,CTU
573,CTW
574,CTX
575,CTY
576,RFT
577,RL
578,RJD
579,RYAM
580,RMAX
581,RGC
582,RZA
583,RENX
584,RELX
585,SOL
586,RENN
587,RPAI
588,RNG
589,RLJ
590,RRMS
591,SBR
592,SB
593,SMM
594,SJT
595,SDT
596,SDR
597,PER
598,SAQ
599,SBNA
600,STNG
601,SDRL
602,SDLP
603,SSW
604,SSWN
605,JBN
606,JBR
607,SGZA
608,SEMG
609,SQNS
610,SFL
611,SBGL
612,SIG
613,SLW
614,SKX
615,SLRA
616,SAH
617,SFUN
618,SXE
619,SEP
620,SRLP
621,SWH
622,SWJ
623,SGU
624,SPLP
625,SCS
626,STE
627,EDF
628,EDI
629,STON
630,GJH
631,GJO
632,GJS
633,SPH
634,SMLP
635,SXCP
636,SXL
637,SUN
638,SHO
639,SWFT
640,GJP
641,GJR
642,GJT
643,GJV
644,DATA
645,XRS
646,TEP
647,TMHC
648,TCP
649,TCPI
650,TGP
651,TOO
652,TNK
653,TDA
654,TDE
655,TDI
656,TDJ
657,TDS
658,TVC
659,TVE
660,TNH
661,TLLP
662,TEVA
663,TPL
664,TGH
665,BX
666,SCHW
667,SRV
668,GRX
669,GDL
670,THGA
671,TPRE
672,TSLF
673,TSU
674,TIME
675,TMST
676,TSQ
677,TLP
678,RIG
679,RIGP
680,TCCA
681,TRCO
682,TSL
683,GTS
684,TRTN
685,TROX
686,TNP
687,TRQ
688,TSNU
689,UCP
690,UGP
691,UA
692,UL
693,UAL
694,UPS
695,UZA
696,UHS
697,UBA
698,USAC
699,BIF
700,VLP
701,VR
702,VNTV
703,VEDL
704,VEEV
705,VTRB
706,VRTV
707,VZA
708,VET
709,VIPS
710,VGI
711,DCA
712,VC
713,VMW
714,VOC
715,VG
716,VJET
717,IAE
718,IHD
719,IGA
720,IGD
721,IDE
722,IID
723,IRR
724,VTTI
725,WDR
726,WCN
727,WTS
728,WFT
729,EOD
730,GDO
731,WIW
732,WIA
733,WGP
734,WES
735,WNRL
736,WLKP
737,WMLP
738,WY
739,WSR
740,WPZ
741,WNS
742,WF
743,WPT
744,WWE
745,WPG
746,WPX
747,WYN
748,XL
749,YELP
750,YGE
751,ZPIN
752,ZBK
753,ZTS
754,Date
